{"S_AshelJKT48":4,"A_ChristyJKT48":4,"A_ZeeJKT48":4,"C_OnielJKT48":5,"A_DeyJKT48":2,"F_OllaJKT48":6,"F_FeniJKT48":2,"A_FionyJKT48":10,"S_FloraJKT48":3,"S_SiscaJKT48":5,"Freya_JKT48":0,"A_GitaJKT48":0,"H_EliJKT48":3,"C_IndahJKT48":5,"C_JessiJKT48":6,"C_JesslynJKT48":2,"Jinan_JKT48":0,"I_KathrinaJKT48":3,"A_LuluJKT48":4,"L_MarshaJKT48":4,"A_MutheJKT48":2,"R_AdelJKT48":3,"N_ShaniJKT48":5,"S_GraciaJKT48":3,"Y_ChikaJKT48":1,"AM_GiselleJKT48":4,"PS_AmandaJKT48":8,"AU_LiaJKT48":10,"AW_CallieJKT48":15,"SP_IndiraJKT48":8,"AM_EllaJKT48":4,"SE_LynJKT48":3,"SW_RaishaJKT48":3}