{
  "S_AshelJKT48": 0,
  "A_ChristyJKT48": 0,
  "A_ZeeJKT48": 0,
  "C_OnielJKT48": 0,
  "A_DeyJKT48": 0,
  "F_OllaJKT48": 0,
  "F_FeniJKT48": 0,
  "A_FionyJKT48": 0,
  "S_FloraJKT48": 0,
  "S_SiscaJKT48": 0,
  "Freya_JKT48": 0,
  "A_GitaJKT48": 0,
  "H_EliJKT48": 0,
  "C_IndahJKT48": 0,
  "C_JessiJKT48": 0,
  "C_JesslynJKT48": 0,
  "Jinan_JKT48": 0,
  "I_KathrinaJKT48": 0,
  "A_LuluJKT48": 0,
  "L_MarshaJKT48": 0,
  "A_MutheJKT48": 0,
  "R_AdelJKT48": 0,
  "N_ShaniJKT48": 0,
  "S_GraciaJKT48": 0,
  "Y_ChikaJKT48": 0,
  "AM_GiselleJKT48": 0,
  "PS_AmandaJKT48": 0,
  "AU_LiaJKT48": 0,
  "AW_CallieJKT48": 0,
  "SP_IndiraJKT48": 0,
  "AM_EllaJKT48": 0,
  "SE_LynJKT48": 0,
  "SW_RaishaJKT48": 0
}
